Metric,Value
Total observation time,3071:06:05.00 (hh:mm:ss)
Total observation time in days,127.96 days
Total observation time in months,4.20 months
Total time with average RSSI under -40 dBm,43:23:3.100017e+01 (hh:mm:ss)
Availability,98.59%
Level Crossing Rate (LCR) upward for threshold -40 dBm,0.000294 crossings per second
Level Crossing Rate (LCR) downward for threshold -40 dBm,0.000294 crossings per second
Average Fade Duration (AFD) for threshold -40 dBm,00:00:4.810933e+01 (hh:mm:ss)
Mean RSSI,-22.57 dBm
Standard Deviation of RSSI,4.79 dBm
MTBF,19.08 seconds
MTTR,48.11 seconds
